{"web":{"auth_uri":"https://accounts.google.com/o/oauth2/auth","client_secret":"AezResEiY8u8_DTpd7uCmoe5","token_uri":"https://accounts.google.com/o/oauth2/token","client_email":"17825692816-9rctugnmfadq5bi10rikebk90d8qlrdc@developer.gserviceaccount.com","redirect_uris":["http://localhost:8000/services/social/youtube-connection/oauth/","http://stagingdev.la.corp.ipgnetwork.com/services/social/youtube-connection/oauth/","http://www.eventhorizon.wmccann.com/services/social/youtube-connection/oauth/","http://splzzz97.la.corp.ipgnetwork.com/services/social/youtube-connection/oauth/"],"client_x509_cert_url":"https://www.googleapis.com/robot/v1/metadata/x509/17825692816-9rctugnmfadq5bi10rikebk90d8qlrdc@developer.gserviceaccount.com","client_id":"17825692816-9rctugnmfadq5bi10rikebk90d8qlrdc.apps.googleusercontent.com","auth_provider_x509_cert_url":"https://www.googleapis.com/oauth2/v1/certs","javascript_origins":["http://localhost:8000","http://stagingdev.la.corp.ipgnetwork.com/","http://www.eventhorizon.wmccann.com/","http://splzzz97.la.corp.ipgnetwork.com/"]}}