{
    "BD": "BANGLADESH",
    "BE": "BELGIUM",
    "BF": "BURKINA FASO",
    "BG": "BULGARIA",
    "BA": "BOSNIA AND HERZEGOVINA",
    "BB": "BARBADOS",
    "WF": "WALLIS AND FUTUNA",
    "JT": "JOHNSTON ISLAND",
    "BM": "BERMUDA",
    "BN": "BRUNEI",
    "BO": "BOLIVIA",
    "BH": "BAHRAIN",
    "BI": "BURUNDI",
    "BJ": "BENIN",
    "BT": "BHUTAN",
    "JM": "JAMAICA",
    "BV": "BOUVET ISLAND",
    "BW": "BOTSWANA",
    "WS": "SAMOA",
    "BQ": "BRITISH ANTARCTIC TERRITORY",
    "BR": "BRAZIL",
    "BS": "BAHAMAS",
    "JE": "JERSEY",
    "WK": "WAKE ISLAND",
    "BY": "BELARUS",
    "BZ": "BELIZE",
    "RU": "RUSSIA",
    "RW": "RWANDA",
    "PC": "PACIFIC ISLANDS TRUST TERRITORY",
    "TL": "TIMOR-LESTE",
    "RE": "R\u00c9UNION",
    "TM": "TURKMENISTAN",
    "TJ": "TAJIKISTAN",
    "RO": "ROMANIA",
    "TK": "TOKELAU",
    "GW": "GUINEA-BISSAU",
    "GU": "GUAM",
    "GT": "GUATEMALA",
    "GS": "SOUTH GEORGIA AND THE SOUTH SANDWICH ISLANDS",
    "GR": "GREECE",
    "GQ": "EQUATORIAL GUINEA",
    "GP": "GUADELOUPE",
    "JP": "JAPAN",
    "GY": "GUYANA",
    "GG": "GUERNSEY",
    "GF": "FRENCH GUIANA",
    "GE": "GEORGIA",
    "GD": "GRENADA",
    "GB": "UNITED KINGDOM",
    "GA": "GABON",
    "GN": "GUINEA",
    "GM": "GAMBIA",
    "GL": "GREENLAND",
    "GI": "GIBRALTAR",
    "GH": "GHANA",
    "OM": "OMAN",
    "TN": "TUNISIA",
    "JO": "JORDAN",
    "HR": "CROATIA",
    "HT": "HAITI",
    "HU": "HUNGARY",
    "HK": "HONG KONG SAR CHINA",
    "HN": "HONDURAS",
    "SU": "UNION OF SOVIET SOCIALIST REPUBLICS",
    "HM": "HEARD ISLAND AND MCDONALD ISLANDS",
    "AE": "UNITED ARAB EMIRATES",
    "VE": "VENEZUELA",
    "PR": "PUERTO RICO",
    "PS": "PALESTINIAN TERRITORIES",
    "UA": "UKRAINE",
    "PW": "PALAU",
    "PT": "PORTUGAL",
    "KN": "SAINT KITTS AND NEVIS",
    "PZ": "PANAMA CANAL ZONE",
    "AF": "AFGHANISTAN",
    "IQ": "IRAQ",
    "PA": "PANAMA",
    "PF": "FRENCH POLYNESIA",
    "PG": "PAPUA NEW GUINEA",
    "PE": "PERU",
    "PK": "PAKISTAN",
    "PH": "PHILIPPINES",
    "PN": "PITCAIRN ISLANDS",
    "PL": "POLAND",
    "PM": "SAINT PIERRE AND MIQUELON",
    "ZM": "ZAMBIA",
    "EH": "WESTERN SAHARA",
    "EE": "ESTONIA",
    "EG": "EGYPT",
    "ZA": "SOUTH AFRICA",
    "EC": "ECUADOR",
    "IT": "ITALY",
    "VN": "VIETNAM",
    "ZZ": "UNKNOWN OR INVALID REGION",
    "SB": "SOLOMON ISLANDS",
    "ET": "ETHIOPIA",
    "SO": "SOMALIA",
    "ZW": "ZIMBABWE",
    "SA": "SAUDI ARABIA",
    "ES": "SPAIN",
    "ER": "ERITREA",
    "ME": "MONTENEGRO",
    "MD": "MOLDOVA",
    "MG": "MADAGASCAR",
    "MF": "SAINT MARTIN",
    "MA": "MOROCCO",
    "MC": "MONACO",
    "UZ": "UZBEKISTAN",
    "MM": "MYANMAR [BURMA]",
    "ML": "MALI",
    "MO": "MACAU SAR CHINA",
    "MN": "MONGOLIA",
    "MI": "MIDWAY ISLANDS",
    "MH": "MARSHALL ISLANDS",
    "MK": "MACEDONIA",
    "MU": "MAURITIUS",
    "MT": "MALTA",
    "MW": "MALAWI",
    "MV": "MALDIVES",
    "MQ": "MARTINIQUE",
    "MP": "NORTHERN MARIANA ISLANDS",
    "MS": "MONTSERRAT",
    "MR": "MAURITANIA",
    "IM": "ISLE OF MAN",
    "UG": "UGANDA",
    "MY": "MALAYSIA",
    "MX": "MEXICO",
    "IL": "ISRAEL",
    "FQ": "FRENCH SOUTHERN AND ANTARCTIC TERRITORIES",
    "FR": "FRANCE",
    "AW": "ARUBA",
    "FX": "METROPOLITAN FRANCE",
    "SH": "SAINT HELENA",
    "AX": "\u00c5LAND ISLANDS",
    "SJ": "SVALBARD AND JAN MAYEN",
    "FI": "FINLAND",
    "FJ": "FIJI",
    "FK": "FALKLAND ISLANDS",
    "FM": "MICRONESIA",
    "FO": "FAROE ISLANDS",
    "NI": "NICARAGUA",
    "NL": "NETHERLANDS",
    "NO": "NORWAY",
    "NA": "NAMIBIA",
    "VU": "VANUATU",
    "NC": "NEW CALEDONIA",
    "NE": "NIGER",
    "NF": "NORFOLK ISLAND",
    "NG": "NIGERIA",
    "NZ": "NEW ZEALAND",
    "NP": "NEPAL",
    "NQ": "DRONNING MAUD LAND",
    "NR": "NAURU",
    "NT": "NEUTRAL ZONE",
    "NU": "NIUE",
    "CK": "COOK ISLANDS",
    "CI": "C\u00d4TE D'IVOIRE",
    "CH": "SWITZERLAND",
    "CO": "COLOMBIA",
    "CN": "CHINA",
    "CM": "CAMEROON",
    "CL": "CHILE",
    "CC": "COCOS [KEELING] ISLANDS",
    "CA": "CANADA",
    "CG": "CONGO - BRAZZAVILLE",
    "CF": "CENTRAL AFRICAN REPUBLIC",
    "CD": "CONGO - KINSHASA",
    "CZ": "CZECH REPUBLIC",
    "CY": "CYPRUS",
    "CX": "CHRISTMAS ISLAND",
    "CS": "SERBIA AND MONTENEGRO",
    "CR": "COSTA RICA",
    "PY": "PARAGUAY",
    "CV": "CAPE VERDE",
    "CU": "CUBA",
    "CT": "CANTON AND ENDERBURY ISLANDS",
    "SZ": "SWAZILAND",
    "SY": "SYRIA",
    "KG": "KYRGYZSTAN",
    "KE": "KENYA",
    "SR": "SURINAME",
    "KI": "KIRIBATI",
    "KH": "CAMBODIA",
    "SV": "EL SALVADOR",
    "KM": "COMOROS",
    "ST": "SAO TOM\u00c9 AND PR\u00cdNCIPE",
    "SK": "SLOVAKIA",
    "KR": "SOUTH KOREA",
    "SI": "SLOVENIA",
    "KP": "NORTH KOREA",
    "KW": "KUWAIT",
    "SN": "SENEGAL",
    "SM": "SAN MARINO",
    "SL": "SIERRA LEONE",
    "SC": "SEYCHELLES",
    "KZ": "KAZAKHSTAN",
    "KY": "CAYMAN ISLANDS",
    "SG": "SINGAPORE",
    "SE": "SWEDEN",
    "SD": "SUDAN",
    "DO": "DOMINICAN REPUBLIC",
    "DM": "DOMINICA",
    "DJ": "DJIBOUTI",
    "DK": "DENMARK",
    "DD": "EAST GERMANY",
    "DE": "GERMANY",
    "YE": "YEMEN",
    "YD": "PEOPLE'S DEMOCRATIC REPUBLIC OF YEMEN",
    "DZ": "ALGERIA",
    "US": "UNITED STATES",
    "UY": "URUGUAY",
    "YT": "MAYOTTE",
    "UM": "U.S. MINOR OUTLYING ISLANDS",
    "LB": "LEBANON",
    "LC": "SAINT LUCIA",
    "LA": "LAOS",
    "TV": "TUVALU",
    "TW": "TAIWAN",
    "TT": "TRINIDAD AND TOBAGO",
    "TR": "TURKEY",
    "LK": "SRI LANKA",
    "LI": "LIECHTENSTEIN",
    "LV": "LATVIA",
    "TO": "TONGA",
    "LT": "LITHUANIA",
    "LU": "LUXEMBOURG",
    "LR": "LIBERIA",
    "LS": "LESOTHO",
    "TH": "THAILAND",
    "TF": "FRENCH SOUTHERN TERRITORIES",
    "TG": "TOGO",
    "TD": "CHAD",
    "TC": "TURKS AND CAICOS ISLANDS",
    "LY": "LIBYA",
    "VA": "VATICAN CITY",
    "VC": "SAINT VINCENT AND THE GRENADINES",
    "VD": "NORTH VIETNAM",
    "AD": "ANDORRA",
    "AG": "ANTIGUA AND BARBUDA",
    "VG": "BRITISH VIRGIN ISLANDS",
    "AI": "ANGUILLA",
    "VI": "U.S. VIRGIN ISLANDS",
    "IS": "ICELAND",
    "IR": "IRAN",
    "AM": "ARMENIA",
    "AL": "ALBANIA",
    "AO": "ANGOLA",
    "AN": "NETHERLANDS ANTILLES",
    "AQ": "ANTARCTICA",
    "AS": "AMERICAN SAMOA",
    "AR": "ARGENTINA",
    "AU": "AUSTRALIA",
    "AT": "AUSTRIA",
    "IO": "BRITISH INDIAN OCEAN TERRITORY",
    "IN": "INDIA",
    "TZ": "TANZANIA",
    "AZ": "AZERBAIJAN",
    "IE": "IRELAND",
    "ID": "INDONESIA",
    "RS": "SERBIA",
    "PU": "U.S. MISCELLANEOUS PACIFIC ISLANDS",
    "BL": "SAINT BARTH\u00c9LEMY",
    "QA": "QATAR",
    "MZ": "MOZAMBIQUE"
}